{
  "current": {
    "avg_execution_time": 8.8653564453125e-05,
    "device_utilization": {
      "cpu:0": 100.0
    },
    "operation_metrics": {
      "output": {
        "avg_execution_time": 6.761550903320312e-06,
        "avg_memory_usage": 1024.0,
        "device_id": "cpu:0"
      },
      "transformer": {
        "avg_execution_time": 3.1375885009765625e-06,
        "avg_memory_usage": 1024.0,
        "device_id": "cpu:0"
      },
      "input_1": {
        "avg_execution_time": 2.8324127197265627e-06,
        "avg_memory_usage": 1024.0,
        "device_id": "cpu:0"
      }
    },
    "resource_utilization": {
      "cpu": 3.3,
      "memory": 5.0,
      "gpu": {
        "cuda:0": {
          "utilization": 13,
          "memory": 11.33941650390625
        },
        "cuda:1": {
          "utilization": 0,
          "memory": 1.555328369140625
        },
        "cuda:2": {
          "utilization": 0,
          "memory": 1.662750244140625
        },
        "cuda:3": {
          "utilization": 0,
          "memory": 1.716461181640625
        },
        "cuda:4": {
          "utilization": 0,
          "memory": 1.555328369140625
        },
        "cuda:5": {
          "utilization": 0,
          "memory": 1.662750244140625
        },
        "cuda:6": {
          "utilization": 0,
          "memory": 1.770172119140625
        },
        "cuda:7": {
          "utilization": 0,
          "memory": 1.555328369140625
        }
      }
    },
    "timestamp": 1742624679.4208674
  },
  "historical": {
    "execution_times": [
      0.0006079673767089844,
      0.00011539459228515625,
      6.842613220214844e-05,
      6.723403930664062e-05,
      6.461143493652344e-05,
      6.413459777832031e-05,
      6.604194641113281e-05,
      6.628036499023438e-05,
      6.532669067382812e-05,
      6.437301635742188e-05,
      6.771087646484375e-05,
      6.389617919921875e-05,
      6.365776062011719e-05,
      6.413459777832031e-05,
      6.318092346191406e-05,
      6.461143493652344e-05,
      6.437301635742188e-05,
      6.318092346191406e-05,
      6.437301635742188e-05,
      6.508827209472656e-05,
      6.67572021484375e-05,
      6.413459777832031e-05,
      6.437301635742188e-05,
      6.365776062011719e-05,
      6.341934204101562e-05
    ],
    "timestamps": [
      1742624679.3858967
    ],
    "cpu_utilization": [
      3.3
    ],
    "memory_utilization": [
      5.0
    ],
    "gpu_utilization": {
      "cuda:0": [
        13
      ],
      "cuda:1": [
        0
      ],
      "cuda:2": [
        0
      ],
      "cuda:3": [
        0
      ],
      "cuda:4": [
        0
      ],
      "cuda:5": [
        0
      ],
      "cuda:6": [
        0
      ],
      "cuda:7": [
        0
      ]
    },
    "gpu_memory": {
      "cuda:0": [
        11.33941650390625
      ],
      "cuda:1": [
        1.555328369140625
      ],
      "cuda:2": [
        1.662750244140625
      ],
      "cuda:3": [
        1.716461181640625
      ],
      "cuda:4": [
        1.555328369140625
      ],
      "cuda:5": [
        1.662750244140625
      ],
      "cuda:6": [
        1.770172119140625
      ],
      "cuda:7": [
        1.555328369140625
      ]
    }
  }
}