{
  "current": {
    "avg_execution_time": 0.0001407623291015625,
    "device_utilization": {
      "cpu:0": 100.0
    },
    "operation_metrics": {
      "output": {
        "avg_execution_time": 5.931854248046875e-06,
        "avg_memory_usage": 20480.0,
        "device_id": "cpu:0"
      },
      "dropout": {
        "avg_execution_time": 3.2711029052734377e-06,
        "avg_memory_usage": 20480.0,
        "device_id": "cpu:0"
      },
      "classifier": {
        "avg_execution_time": 2.8514862060546877e-06,
        "avg_memory_usage": 20480.0,
        "device_id": "cpu:0"
      },
      "pre_classifier": {
        "avg_execution_time": 2.7561187744140626e-06,
        "avg_memory_usage": 20480.0,
        "device_id": "cpu:0"
      },
      "distilbert": {
        "avg_execution_time": 2.63214111328125e-06,
        "avg_memory_usage": 20480.0,
        "device_id": "cpu:0"
      },
      "input_1": {
        "avg_execution_time": 2.47955322265625e-06,
        "avg_memory_usage": 20480.0,
        "device_id": "cpu:0"
      }
    },
    "resource_utilization": {
      "cpu": 0.0,
      "memory": 4.2,
      "gpu": {
        "cuda:0": {
          "utilization": 71,
          "memory": 4.60113525390625
        },
        "cuda:1": {
          "utilization": 0,
          "memory": 1.555328369140625
        },
        "cuda:2": {
          "utilization": 0,
          "memory": 1.662750244140625
        },
        "cuda:3": {
          "utilization": 0,
          "memory": 1.716461181640625
        },
        "cuda:4": {
          "utilization": 0,
          "memory": 1.555328369140625
        },
        "cuda:5": {
          "utilization": 0,
          "memory": 1.662750244140625
        },
        "cuda:6": {
          "utilization": 0,
          "memory": 1.770172119140625
        },
        "cuda:7": {
          "utilization": 0,
          "memory": 1.555328369140625
        }
      }
    },
    "timestamp": 1742621028.0406425
  },
  "historical": {
    "execution_times": [
      0.0004863739013671875,
      0.00021791458129882812,
      0.0001246929168701172,
      0.0001246929168701172,
      0.00012159347534179688,
      0.0001220703125,
      0.00012159347534179688,
      0.00012135505676269531,
      0.0001220703125,
      0.00011992454528808594,
      0.0001251697540283203,
      0.0001220703125,
      0.00012230873107910156,
      0.00012159347534179688,
      0.0001220703125,
      0.00012063980102539062,
      0.00012302398681640625,
      0.00012111663818359375,
      0.00012111663818359375,
      0.00012111663818359375,
      0.00013566017150878906,
      0.00012111663818359375,
      0.00011992454528808594,
      0.0001201629638671875,
      0.00011968612670898438
    ],
    "timestamps": [
      1742621028.0044115
    ],
    "cpu_utilization": [
      0.0
    ],
    "memory_utilization": [
      4.2
    ],
    "gpu_utilization": {
      "cuda:0": [
        71
      ],
      "cuda:1": [
        0
      ],
      "cuda:2": [
        0
      ],
      "cuda:3": [
        0
      ],
      "cuda:4": [
        0
      ],
      "cuda:5": [
        0
      ],
      "cuda:6": [
        0
      ],
      "cuda:7": [
        0
      ]
    },
    "gpu_memory": {
      "cuda:0": [
        4.60113525390625
      ],
      "cuda:1": [
        1.555328369140625
      ],
      "cuda:2": [
        1.662750244140625
      ],
      "cuda:3": [
        1.716461181640625
      ],
      "cuda:4": [
        1.555328369140625
      ],
      "cuda:5": [
        1.662750244140625
      ],
      "cuda:6": [
        1.770172119140625
      ],
      "cuda:7": [
        1.555328369140625
      ]
    }
  }
}