{
  "current": {
    "avg_execution_time": 0.00013471603393554687,
    "device_utilization": {
      "cpu:0": 100.0
    },
    "operation_metrics": {
      "output": {
        "avg_execution_time": 6.122589111328125e-06,
        "avg_memory_usage": 20480.0,
        "device_id": "cpu:0"
      },
      "dropout": {
        "avg_execution_time": 3.0422210693359374e-06,
        "avg_memory_usage": 20480.0,
        "device_id": "cpu:0"
      },
      "classifier": {
        "avg_execution_time": 2.765655517578125e-06,
        "avg_memory_usage": 20480.0,
        "device_id": "cpu:0"
      },
      "pre_classifier": {
        "avg_execution_time": 2.6988983154296876e-06,
        "avg_memory_usage": 20480.0,
        "device_id": "cpu:0"
      },
      "distilbert": {
        "avg_execution_time": 2.4700164794921874e-06,
        "avg_memory_usage": 20480.0,
        "device_id": "cpu:0"
      },
      "input_1": {
        "avg_execution_time": 2.574920654296875e-06,
        "avg_memory_usage": 20480.0,
        "device_id": "cpu:0"
      }
    },
    "resource_utilization": {
      "cpu": 12.5,
      "memory": 4.6,
      "gpu": {
        "cuda:0": {
          "utilization": 85,
          "memory": 4.60113525390625
        },
        "cuda:1": {
          "utilization": 0,
          "memory": 1.555328369140625
        },
        "cuda:2": {
          "utilization": 0,
          "memory": 1.662750244140625
        },
        "cuda:3": {
          "utilization": 0,
          "memory": 1.716461181640625
        },
        "cuda:4": {
          "utilization": 0,
          "memory": 1.555328369140625
        },
        "cuda:5": {
          "utilization": 0,
          "memory": 1.662750244140625
        },
        "cuda:6": {
          "utilization": 0,
          "memory": 1.770172119140625
        },
        "cuda:7": {
          "utilization": 0,
          "memory": 1.555328369140625
        }
      }
    },
    "timestamp": 1742622870.4626384
  },
  "historical": {
    "execution_times": [
      0.0004754066467285156,
      0.00012445449829101562,
      0.00011873245239257812,
      0.00012135505676269531,
      0.00011944770812988281,
      0.00011897087097167969,
      0.00011801719665527344,
      0.00011777877807617188,
      0.00011873245239257812,
      0.00011849403381347656,
      0.00012302398681640625,
      0.00011849403381347656,
      0.00011754035949707031,
      0.00011754035949707031,
      0.00011754035949707031,
      0.00011992454528808594,
      0.00011897087097167969,
      0.0001201629638671875,
      0.000118255615234375,
      0.0001399517059326172,
      0.0001239776611328125,
      0.00011777877807617188,
      0.00012040138244628906,
      0.0001220703125,
      0.00012087821960449219
    ],
    "timestamps": [
      1742622870.4263434
    ],
    "cpu_utilization": [
      12.5
    ],
    "memory_utilization": [
      4.6
    ],
    "gpu_utilization": {
      "cuda:0": [
        85
      ],
      "cuda:1": [
        0
      ],
      "cuda:2": [
        0
      ],
      "cuda:3": [
        0
      ],
      "cuda:4": [
        0
      ],
      "cuda:5": [
        0
      ],
      "cuda:6": [
        0
      ],
      "cuda:7": [
        0
      ]
    },
    "gpu_memory": {
      "cuda:0": [
        4.60113525390625
      ],
      "cuda:1": [
        1.555328369140625
      ],
      "cuda:2": [
        1.662750244140625
      ],
      "cuda:3": [
        1.716461181640625
      ],
      "cuda:4": [
        1.555328369140625
      ],
      "cuda:5": [
        1.662750244140625
      ],
      "cuda:6": [
        1.770172119140625
      ],
      "cuda:7": [
        1.555328369140625
      ]
    }
  }
}