{
  "current": {
    "avg_execution_time": 5.969047546386719e-05,
    "device_utilization": {
      "cpu:0": 100.0
    },
    "operation_metrics": {
      "output": {
        "avg_execution_time": 3.5572052001953125e-06,
        "avg_memory_usage": 4608.0,
        "device_id": "cpu:0"
      },
      "score": {
        "avg_execution_time": 1.8024444580078124e-06,
        "avg_memory_usage": 4608.0,
        "device_id": "cpu:0"
      },
      "model": {
        "avg_execution_time": 1.4591217041015625e-06,
        "avg_memory_usage": 4608.0,
        "device_id": "cpu:0"
      },
      "input_1": {
        "avg_execution_time": 1.163482666015625e-06,
        "avg_memory_usage": 4608.0,
        "device_id": "cpu:0"
      }
    },
    "resource_utilization": {
      "cpu": 0.0,
      "memory": 38.6,
      "gpu": {
        "cuda:0": {
          "utilization": 17,
          "memory": 53.088361016121155
        }
      }
    },
    "timestamp": 1742619929.6102095
  },
  "historical": {
    "execution_times": [
      0.0004229545593261719,
      6.29425048828125e-05,
      7.462501525878906e-05,
      6.413459777832031e-05,
      5.650520324707031e-05,
      4.482269287109375e-05,
      4.458427429199219e-05,
      4.7206878662109375e-05,
      3.933906555175781e-05,
      3.886222839355469e-05,
      4.982948303222656e-05,
      4.9114227294921875e-05,
      4.124641418457031e-05,
      3.838539123535156e-05,
      3.719329833984375e-05,
      3.62396240234375e-05,
      3.647804260253906e-05,
      3.62396240234375e-05,
      3.528594970703125e-05,
      3.886222839355469e-05,
      3.743171691894531e-05,
      4.506111145019531e-05,
      3.9577484130859375e-05,
      3.790855407714844e-05,
      3.743171691894531e-05
    ],
    "timestamps": [
      1742619929.5941665
    ],
    "cpu_utilization": [
      0.0
    ],
    "memory_utilization": [
      38.6
    ],
    "gpu_utilization": {
      "cuda:0": [
        17
      ]
    },
    "gpu_memory": {
      "cuda:0": [
        53.088361016121155
      ]
    }
  }
}